{
    "circles": [
        {
            "pos": [
                452.0,
                517.0
            ],
            "rad": 50.0
        }
    ],
    "height": 750,
    "rectangles": [
        {
            "hl": 100.0,
            "hw": 50.0,
            "pos": [
                844.0,
                232.0
            ],
            "rot": [
                -0.6811039424772872,
                -0.7321867381630838,
                0.7321867381630838,
                -0.6811039424772872
            ]
        }
    ],
    "tilesize": 31,
    "width": 1200
}
